City_ID,City,Country,Lat,Lng,Max Temp,Humidity,Cloudiness,Wind Speed,Weather Description
0,Chiredzi,ZW,-21.05,31.6667,23.86,76,92,0.91,overcast clouds
1,Rikitea,PF,-23.1203,-134.9692,26.52,74,33,6.14,scattered clouds
2,Opuwo,NA,-18.0607,13.84,21.24,41,94,3.96,overcast clouds
3,Jamestown,US,42.097,-79.2353,5.53,56,0,2.57,clear sky
4,Lebu,CL,-37.6167,-73.65,18.13,78,2,5.4,clear sky
5,Carnarvon,AU,-24.8667,113.6333,25.95,72,24,7.44,few clouds
6,New Norfolk,AU,-42.7826,147.0587,14.72,68,100,0.51,overcast clouds
7,Tomatlan,MX,19.9333,-105.25,29.66,45,2,4.05,clear sky
8,Narsaq,GL,60.9167,-46.05,-10.88,95,100,3.64,snow
9,Hermanus,ZA,-34.4187,19.2345,21.0,76,0,7.62,clear sky
10,Port Augusta,AU,-32.5,137.7667,25.15,23,0,1.61,clear sky
11,Beringovskiy,RU,63.05,179.3167,-33.51,96,27,2.38,scattered clouds
12,Tiksi,RU,71.6872,128.8694,-40.12,99,56,2.58,broken clouds
13,Coquimbo,CL,-29.9533,-71.3436,20.85,73,0,6.69,clear sky
14,Muroto,JP,33.2833,134.15,9.27,66,42,6.24,scattered clouds
15,Halifax,CA,44.6453,-63.5724,4.27,68,75,7.2,broken clouds
16,Ca Mau,VN,9.1769,105.15,24.42,88,10,3.79,clear sky
17,Faanui,PF,-16.4833,-151.75,26.99,73,20,5.12,few clouds
18,Parrita,CR,9.5201,-84.3225,29.73,60,12,2.88,few clouds
19,Albany,US,42.6001,-73.9662,7.81,54,9,0.45,clear sky
20,Ancud,CL,-41.8697,-73.8203,18.12,77,13,4.16,few clouds
21,Marsaxlokk,MT,35.8419,14.5431,10.34,93,40,6.17,scattered clouds
22,Sao Jose Da Coroa Grande,BR,-8.8978,-35.1478,26.35,73,90,3.38,overcast clouds
23,Arraial Do Cabo,BR,-22.9661,-42.0278,26.98,78,40,4.63,thunderstorm
24,Hobart,AU,-42.8794,147.3294,13.92,80,75,2.06,broken clouds
25,Pinega,RU,64.7001,43.3936,-4.82,91,88,5.04,overcast clouds
26,Vaini,TO,-21.2,-175.2,28.09,83,75,1.03,light rain
27,Chuy,UY,-33.6971,-53.4616,25.03,76,100,5.58,overcast clouds
28,Avarua,CK,-21.2078,-159.775,28.03,74,20,5.66,few clouds
29,Port Alfred,ZA,-33.5906,26.891,20.1,94,100,2.37,heavy intensity rain
30,Saskylakh,RU,71.9167,114.0833,-38.84,100,91,2.58,overcast clouds
31,Aklavik,CA,68.2191,-135.0107,-29.0,76,75,1.03,broken clouds
32,Bonavista,CA,48.6499,-53.1147,-1.09,95,100,8.14,overcast clouds
33,Dossor,KZ,47.5272,52.9811,-12.77,89,5,4.53,clear sky
34,Harper,LR,4.375,-7.7169,26.17,84,100,2.26,overcast clouds
35,Iranshahr,IR,27.2025,60.6848,21.19,37,0,2.06,clear sky
36,Mataura,NZ,-46.1927,168.8643,9.71,91,96,3.57,overcast clouds
37,Esperance,AU,-33.8667,121.9,19.03,71,100,5.48,overcast clouds
38,Georgetown,MY,5.4112,100.3354,26.96,89,20,1.03,few clouds
39,Puerto Ayora,EC,-0.7393,-90.3518,29.98,90,94,4.02,light rain
40,Roma,US,43.2128,-75.4557,6.6,58,20,5.66,few clouds
41,Busselton,AU,-33.65,115.3333,14.52,90,2,4.9,clear sky
42,Stephenville Crossing,CA,48.5,-58.4318,-5.93,79,100,3.09,light shower snow
43,Dolinsk,RU,47.35,142.8,-25.06,98,44,1.99,scattered clouds
44,Portland,US,45.5234,-122.6762,11.63,78,75,2.68,broken clouds
45,Ambon,ID,-3.6954,128.1814,25.08,94,40,1.03,heavy intensity rain
46,Maham,IN,28.9833,76.3,13.36,34,2,2.39,clear sky
47,San Patricio,US,28.017,-97.5169,17.26,75,100,7.37,overcast clouds
48,Kautokeino,NO,69.0125,23.0412,0.63,74,100,16.66,overcast clouds
49,Colac,AU,-38.3333,143.5833,16.57,88,34,2.41,scattered clouds
50,Hilo,US,19.7297,-155.09,24.41,78,100,0.0,moderate rain
51,Netivot,IL,31.4222,34.5886,5.89,74,73,2.91,broken clouds
52,Viradouro,BR,-20.8731,-48.2969,25.09,85,13,0.54,few clouds
53,Cockburn Town,TC,21.4612,-71.1419,26.98,61,40,7.72,light rain
54,Adrar,MR,20.5022,-10.0711,20.89,15,100,4.35,overcast clouds
55,Souillac,MU,-20.5167,57.5167,26.21,83,75,2.57,light rain
56,Clyde River,CA,70.4692,-68.5914,-33.87,68,20,2.06,few clouds
57,Chokurdakh,RU,70.6333,147.9167,-34.5,98,100,2.23,overcast clouds
58,Portobelo,PA,9.55,-79.65,26.73,85,58,6.64,light rain
59,Ballitoville,ZA,-29.539,31.2144,23.08,83,100,3.6,light rain
60,Airai,TL,-8.9266,125.4092,15.3,94,99,0.89,overcast clouds
61,Alofi,NU,-19.0595,-169.9187,27.94,83,75,4.12,light rain
62,Anuradhapura,LK,8.3565,80.4173,21.13,98,73,1.94,broken clouds
63,Princeton,US,25.5384,-80.4089,26.68,59,100,5.14,overcast clouds
64,Barabinsk,RU,55.3571,78.357,-28.59,100,100,0.99,overcast clouds
65,Manggar,ID,-2.8833,108.2667,25.4,87,94,2.98,overcast clouds
66,Nador,MA,35.174,-2.9287,13.14,82,40,2.57,scattered clouds
67,Barrow,US,71.2906,-156.7887,-25.99,76,100,0.0,overcast clouds
68,Qaanaaq,GL,77.484,-69.3632,-32.39,67,17,2.71,few clouds
69,Atar,MR,20.5169,-13.0499,22.46,15,100,3.15,overcast clouds
70,Kapaa,US,22.0752,-159.319,25.99,71,100,9.77,overcast clouds
71,Butaritari,KI,3.0707,172.7902,26.58,85,96,9.22,light rain
72,Punta Arenas,CL,-53.15,-70.9167,16.06,77,100,8.75,overcast clouds
73,East London,ZA,-33.0153,27.9116,21.11,84,100,1.01,light rain
74,Oktyabrskoye,RU,43.0645,44.7417,-9.92,85,100,4.0,light snow
75,Beinamar,TD,8.6698,15.3813,27.21,13,7,2.0,clear sky
76,Hithadhoo,MV,-0.6,73.0833,27.32,74,48,3.74,scattered clouds
77,Avera,US,33.194,-82.5271,24.1,62,100,2.98,overcast clouds
78,Urazovka,RU,55.4013,45.6186,-6.33,96,100,3.73,light snow
79,Saint George,US,37.1041,-113.5841,11.91,38,0,1.54,clear sky
80,Ushuaia,AR,-54.8,-68.3,19.81,45,75,4.12,broken clouds
81,Nabire,ID,-3.3667,135.4833,23.69,90,100,1.4,overcast clouds
82,Matara,LK,5.9485,80.5353,22.77,88,50,3.1,scattered clouds
83,Rio Grande,BR,-32.035,-52.0986,31.06,71,12,7.19,few clouds
84,Chapada Dos Guimaraes,BR,-15.4606,-55.7497,26.81,66,86,1.16,overcast clouds
85,Dingle,PH,10.9995,122.6711,22.69,91,100,3.27,overcast clouds
86,Quelimane,MZ,-17.8786,36.8883,24.33,93,100,1.07,moderate rain
87,Itarema,BR,-2.9248,-39.9167,26.63,75,84,5.23,broken clouds
88,Komsomolskiy,UZ,40.4272,71.7189,3.4,81,100,3.09,overcast clouds
89,Husavik,IS,66.0449,-17.3389,-6.15,75,99,3.93,overcast clouds
90,Kharp,RU,66.8014,65.8081,-9.4,86,84,5.72,light snow
91,Cape Town,ZA,-33.9258,18.4232,22.99,64,0,5.66,clear sky
92,Te Anau,NZ,-45.4167,167.7167,10.52,64,81,0.96,broken clouds
93,Abu Kamal,SY,34.4506,40.9171,5.54,50,2,4.6,clear sky
94,Mandalgovi,MN,45.7625,106.2708,-11.66,94,100,1.64,overcast clouds
95,Cabo San Lucas,MX,22.8909,-109.9124,27.56,39,0,2.24,clear sky
96,Kaz,RU,52.9113,87.3105,-15.52,99,100,0.51,overcast clouds
97,Bethel,US,41.3712,-73.414,10.36,53,5,0.89,clear sky
98,Palmas Del Socorro,CO,6.4067,-73.2869,27.62,51,28,2.15,scattered clouds
99,Lompoc,US,34.6391,-120.4579,22.78,27,0,1.79,clear sky
100,Tuktoyaktuk,CA,69.4541,-133.0374,-36.0,68,20,0.0,few clouds
101,Kruisfontein,ZA,-34.0033,24.7314,17.71,75,100,3.08,overcast clouds
102,Los Llanos De Aridane,ES,28.6585,-17.9182,14.86,74,75,1.54,broken clouds
103,Mitsamiouli,KM,-11.3847,43.2844,27.07,79,99,2.32,overcast clouds
104,Waingapu,ID,-9.6567,120.2641,25.15,86,70,3.01,broken clouds
105,Meulaboh,ID,4.1363,96.1285,24.53,87,100,1.82,overcast clouds
106,Ratanpur,IN,22.3,82.1667,14.62,32,3,2.88,clear sky
107,Thompson,CA,55.7435,-97.8558,-5.91,86,100,3.09,light snow
108,Rawson,AR,-43.3002,-65.1023,33.16,21,0,7.72,clear sky
109,Bilibino,RU,68.0546,166.4372,-43.43,100,79,0.82,broken clouds
110,Oranzherei,RU,45.8476,47.5663,-12.61,95,16,3.48,few clouds
111,Praia Da Vitoria,PT,38.7333,-27.0667,13.14,82,75,6.41,broken clouds
112,Olot,ES,42.181,2.4901,3.99,91,100,1.39,overcast clouds
113,Olga,RU,43.7444,135.2892,-15.43,84,4,2.18,clear sky
114,Port Elizabeth,ZA,-33.918,25.5701,20.73,86,0,1.03,clear sky
115,Baykit,RU,61.67,96.37,-16.26,99,100,0.21,overcast clouds
116,Kloulklubed,PW,7.0419,134.2556,23.28,71,100,4.53,overcast clouds
117,Ponta Do Sol,PT,32.6667,-17.1,15.35,55,53,3.0,broken clouds
118,Biak,ID,-0.9131,122.8766,24.32,76,100,1.85,overcast clouds
119,Tacoronte,ES,28.4769,-16.4102,15.14,84,40,3.6,scattered clouds
120,Chipinge,ZW,-20.1883,32.6236,17.53,91,62,1.65,broken clouds
121,Torbay,CA,47.6666,-52.7314,0.32,96,100,10.29,mist
122,Broken Hill,AU,-31.95,141.4333,24.3,21,0,1.37,clear sky
123,Yar-Sale,RU,66.8333,70.8333,-8.84,95,59,7.38,light snow
124,Marystown,CA,47.1666,-55.1483,-2.16,89,94,6.5,overcast clouds
125,Flinders,AU,-34.5833,150.8552,19.54,93,99,1.79,moderate rain
126,Raga,SS,8.4596,25.678,20.88,17,7,1.83,clear sky
127,Atuona,PF,-9.8,-139.0333,26.22,78,19,9.76,few clouds
128,Yellowknife,CA,62.456,-114.3525,-21.71,84,0,3.09,clear sky
129,Cagdianao,PH,9.9211,125.6692,25.67,85,99,6.2,overcast clouds
130,Kodiak,US,57.79,-152.4072,-2.27,43,0,3.09,clear sky
131,Naze,JP,28.3667,129.4833,16.51,71,99,6.39,overcast clouds
132,Mangaratiba,BR,-22.9597,-44.0406,25.48,88,91,1.55,light rain
133,Soe,ID,-9.8607,124.284,18.6,93,94,1.68,overcast clouds
134,Chapais,CA,49.7834,-74.8492,-13.12,90,100,3.23,overcast clouds
135,Banda Aceh,ID,5.5577,95.3222,25.0,83,96,3.19,overcast clouds
136,Borba,BR,-4.3878,-59.5939,26.73,90,41,1.48,scattered clouds
137,Norman Wells,CA,65.282,-126.8329,-26.98,76,75,1.54,broken clouds
138,Leningradskiy,RU,69.3833,178.4167,-30.78,94,100,1.81,overcast clouds
139,Port Hardy,CA,50.6996,-127.4199,5.1,87,100,7.72,overcast clouds
140,Trairi,BR,-3.2778,-39.2689,26.55,73,98,5.21,overcast clouds
141,Khani,GE,41.9563,42.9566,-2.24,93,100,0.86,overcast clouds
142,Buraydah,SA,26.326,43.975,12.25,39,100,3.99,overcast clouds
143,Guerrero Negro,MX,27.9769,-114.0611,20.9,20,0,3.23,clear sky
144,Nome,US,64.5011,-165.4064,-17.96,78,100,0.0,overcast clouds
145,Kemijarvi,FI,66.7131,27.4306,0.41,86,100,9.27,overcast clouds
146,Lensk,RU,60.7253,114.9278,-30.49,100,100,1.52,overcast clouds
147,Bud,US,39.447,-86.1758,11.01,55,100,1.86,overcast clouds
148,Klaksvik,FO,62.2266,-6.589,1.51,65,90,12.58,light snow
149,Arys,KZ,42.4252,68.795,4.56,88,100,1.54,light rain
150,Northam,GB,51.0333,-4.2167,7.01,85,96,5.92,overcast clouds
151,Grindavik,IS,63.8424,-22.4338,-2.03,54,40,14.4,scattered clouds
152,Luba,GQ,3.4568,8.5547,27.94,82,50,3.66,scattered clouds
153,Hami,CN,42.8,93.45,-0.09,57,1,3.41,clear sky
154,Sao Joao Da Barra,BR,-21.6403,-41.0511,27.05,91,100,4.34,overcast clouds
155,Palauig,PH,15.435,119.9045,23.97,75,88,2.84,overcast clouds
156,Rizhao,CN,35.4275,119.4553,2.91,69,100,4.05,moderate rain
157,Mahebourg,MU,-20.4081,57.7,26.25,83,75,2.57,light rain
158,Mora,CM,11.0461,14.1401,23.98,18,60,2.28,broken clouds
159,Dauphin,CA,51.1494,-100.0502,-0.92,99,100,4.63,snow
160,Lae,PG,-6.7221,146.9847,24.37,82,99,3.5,overcast clouds
161,Barcelona,ES,41.3888,2.159,8.9,77,75,7.2,broken clouds
162,Uspenka,UA,48.3903,39.1619,-8.51,91,6,2.62,clear sky
163,Isangel,VU,-19.55,169.2667,27.06,89,100,3.09,moderate rain
164,Baruun-Urt,MN,46.6806,113.2792,-13.45,88,100,2.97,overcast clouds
165,Maldonado,UY,-34.6667,-54.9167,26.66,49,74,7.96,broken clouds
166,Mana,GF,5.6592,-53.7767,24.83,90,99,4.66,overcast clouds
167,Gao,ML,16.6362,1.637,26.52,11,18,4.85,few clouds
168,Nouadhibou,MR,20.931,-17.0347,18.99,59,40,7.2,scattered clouds
169,Lavrentiya,RU,65.5833,-171.0,-24.34,90,100,1.58,overcast clouds
170,Huilong,CN,31.8111,121.655,7.18,83,100,7.04,overcast clouds
171,Havelock,US,34.8791,-76.9013,22.98,57,0,4.63,clear sky
172,Victoria,HK,22.2855,114.1577,18.31,87,100,5.36,overcast clouds
173,Naron,ES,43.5167,-8.1528,11.44,83,0,4.33,clear sky
174,Dikson,RU,73.5069,80.5464,-16.16,78,100,4.99,overcast clouds
175,Katsuura,JP,35.1333,140.3,7.01,60,45,7.03,scattered clouds
176,Pisco,PE,-13.7,-76.2167,27.03,69,0,8.75,clear sky
177,Bluff,NZ,-46.6,168.3333,9.89,63,69,10.4,broken clouds
178,Bucerias,MX,20.75,-105.3333,23.99,64,0,3.6,clear sky
179,Cacule,BR,-14.5033,-42.2222,26.93,48,44,1.96,scattered clouds
180,Mandawar,IN,29.5,78.1333,12.24,47,64,3.21,broken clouds
181,College,US,64.8569,-147.8028,-14.33,82,100,0.0,light snow
182,Nizhnevartovsk,RU,60.9344,76.5531,-18.88,84,0,4.02,clear sky
183,Viloco,BO,-16.95,-67.55,9.59,79,100,2.62,overcast clouds
184,Adre,TD,13.4667,22.2,19.6,9,81,6.39,broken clouds
185,Anchorage,US,61.2181,-149.9003,-4.48,91,100,2.06,light snow
186,Hamilton,US,39.1834,-84.5333,13.56,51,100,3.09,overcast clouds
187,Serebryanyy Bor,RU,56.8,124.8,-32.03,99,100,0.97,overcast clouds
188,Upernavik,GL,72.7868,-56.1549,-32.46,80,15,2.71,few clouds
189,Luanda,AO,-8.8368,13.2343,27.0,74,0,4.12,clear sky
190,Sibolga,ID,1.7427,98.7792,24.28,85,100,2.48,overcast clouds
191,Severo-Kurilsk,RU,50.6789,156.125,-6.17,82,96,5.79,light snow
192,Namibe,AO,-15.1961,12.1522,22.07,72,100,5.29,overcast clouds
193,Qandala,SO,11.472,49.8728,23.85,84,60,1.53,broken clouds
194,Santo Antonio Do Ica,BR,-3.1022,-67.9397,26.71,86,96,1.21,overcast clouds
195,Mao,ES,39.8885,4.2658,10.31,62,75,3.6,broken clouds
196,Kaitangata,NZ,-46.2817,169.8464,10.44,72,65,6.44,broken clouds
197,Rensvik,NO,63.1,7.8167,10.15,37,0,7.2,clear sky
198,Wajir,KE,1.7471,40.0573,30.82,30,9,4.3,clear sky
199,Mar Del Plata,AR,-38.0023,-57.5575,27.68,61,0,6.69,clear sky
200,Touros,BR,-5.1989,-35.4608,26.61,74,71,6.02,broken clouds
201,Viedma,AR,-40.8135,-62.9967,27.99,24,42,5.32,scattered clouds
202,Llanes,ES,43.4198,-4.7549,10.5,78,14,3.75,few clouds
203,Kostino,RU,58.9097,53.2691,-4.72,95,100,1.93,overcast clouds
204,Ugoofaaru,MV,5.6667,73.0,26.73,70,76,0.47,broken clouds
205,Ribeira Grande,PT,38.5167,-28.7,13.22,62,40,4.12,scattered clouds
206,Elizabeth City,US,36.2946,-76.2511,22.01,43,0,2.06,clear sky
207,Kieta,PG,-6.2167,155.6333,27.08,83,100,2.73,overcast clouds
208,Acapulco,MX,16.8634,-99.8901,29.9,62,0,4.63,clear sky
209,Samarai,PG,-10.6167,150.6667,25.67,90,100,6.0,overcast clouds
210,Khromtau,KZ,50.2503,58.4347,-19.11,97,5,3.31,clear sky
211,Nacala,MZ,-14.5428,40.6728,24.18,91,100,2.18,overcast clouds
212,Laramie,US,41.3114,-105.5911,2.21,44,0,15.95,clear sky
213,Arlit,NE,18.7369,7.3853,25.56,13,3,2.69,clear sky
214,Pevek,RU,69.7008,170.3133,-34.54,100,100,3.5,overcast clouds
215,Kaili,ID,-3.4626,120.2147,18.92,88,100,1.68,overcast clouds
216,Ville-Marie,CA,47.3335,-79.433,0.27,94,100,2.07,overcast clouds
217,Nikolskoye,RU,59.7035,30.7861,1.0,93,100,3.53,overcast clouds
218,Prainha,BR,-1.8,-53.48,27.05,82,99,1.48,light rain
219,Tura,IN,25.5198,90.2201,14.9,62,1,1.59,clear sky
220,Zhigansk,RU,66.7697,123.3711,-42.31,98,99,3.4,overcast clouds
221,Kysyl-Syr,RU,63.8986,122.7617,-48.43,100,73,1.24,broken clouds
222,Ekhabi,RU,53.5102,142.9671,-30.76,96,100,5.25,overcast clouds
223,Twentynine Palms,US,34.1356,-116.0542,20.54,20,0,0.89,clear sky
224,Bria,CF,6.5423,21.9863,23.22,17,35,2.47,scattered clouds
225,Maragogi,BR,-9.0122,-35.2225,26.35,72,98,3.55,overcast clouds
226,Ghanzi,BW,-21.5667,21.7833,20.06,86,88,5.84,moderate rain
227,Derzhavinsk,KZ,51.1,66.3167,-24.55,100,67,3.2,broken clouds
228,Flin Flon,CA,54.7682,-101.865,-4.09,58,20,3.6,few clouds
229,Minbu,MM,20.1833,94.8833,18.38,45,20,1.08,few clouds
230,Quatre Cocos,MU,-20.2078,57.7625,26.16,82,26,5.07,light rain
231,Anadyr,RU,64.75,177.4833,-34.72,75,0,4.0,clear sky
232,Vao,NC,-22.6667,167.4833,25.9,82,100,9.39,heavy intensity rain
233,Longyearbyen,SJ,78.2186,15.6401,-3.09,80,100,8.75,light snow
234,Balakliya,UA,49.4627,36.8595,-8.46,93,6,2.12,clear sky
235,Tromso,NO,69.6496,18.957,5.01,75,75,15.95,light intensity shower rain
236,Saint-Philippe,RE,-21.3585,55.7679,24.77,85,71,5.14,light rain
237,Shakhtinsk,KZ,49.71,72.5872,-16.57,95,100,4.54,overcast clouds
238,Farafangana,MG,-22.8167,47.8333,24.02,90,99,4.42,moderate rain
239,Zonguldak,TR,41.25,31.8333,-2.94,99,100,0.52,light snow
240,Arman,RU,59.7,150.1667,-28.31,85,47,4.07,scattered clouds
241,Bayeux,BR,-7.125,-34.9322,28.35,65,20,6.17,few clouds
242,Qasigiannguit,GL,68.8193,-51.1922,-21.86,81,2,2.43,clear sky
243,Fayaoue,NC,-20.65,166.5333,27.41,80,100,3.03,overcast clouds
244,Saldanha,ZA,-33.0117,17.9442,20.45,72,47,6.06,scattered clouds
245,Ust-Omchug,RU,61.15,149.6333,-42.11,99,49,1.05,scattered clouds
246,Booue,GA,-0.0921,11.9385,25.8,68,32,1.33,scattered clouds
247,Comodoro Rivadavia,AR,-45.8667,-67.5,33.92,16,0,7.72,clear sky
248,Sur,OM,22.5667,59.5289,24.58,50,3,4.81,clear sky
249,Ixtapa,MX,20.7,-105.2,23.57,64,0,3.6,clear sky
250,Kathu,TH,7.9178,98.3332,25.9,80,97,4.87,overcast clouds
251,Aksu,CN,41.1231,80.2644,-4.63,82,69,2.34,broken clouds
252,Taltal,CL,-25.4,-70.4833,22.86,71,24,2.74,few clouds
253,Perth,AU,-31.9333,115.8333,21.1,72,0,4.63,clear sky
254,Kalmunai,LK,7.4167,81.8167,24.36,85,100,2.51,overcast clouds
255,Bairnsdale,AU,-37.8333,147.6167,18.36,87,91,1.34,overcast clouds
256,Dudinka,RU,69.4058,86.1778,-22.99,92,100,6.97,overcast clouds
257,Mattru,SL,7.6244,-11.8332,25.95,72,89,2.15,overcast clouds
258,Tasiilaq,GL,65.6145,-37.6368,-15.91,54,0,4.37,clear sky
259,Malakal,SS,9.5334,31.6605,25.41,16,0,3.39,clear sky
260,Fairlie,GB,55.756,-4.8556,5.95,87,100,3.13,overcast clouds
261,Yabrud,SY,33.9674,36.6574,-4.98,71,17,1.44,few clouds
262,Lata,PT,40.1629,-8.3327,9.95,75,30,2.83,scattered clouds
263,Beyneu,KZ,45.3167,55.2,-7.43,71,6,6.47,clear sky
264,Vagur,FO,61.4732,-6.8119,3.64,62,99,16.93,light rain
265,Ryki,PL,51.6257,21.9327,-4.97,49,13,2.42,few clouds
266,Merrill,US,45.1805,-89.6835,8.43,56,0,3.6,thunderstorm
267,Tuy Hoa,VN,13.0833,109.3,21.97,93,98,0.7,overcast clouds
268,Port Shepstone,ZA,-30.7414,30.455,21.83,90,100,7.79,light rain
269,Alihe,CN,50.5667,123.7167,-28.17,99,45,1.25,scattered clouds
270,Gamboma,CG,-1.8764,15.8644,25.68,63,83,1.95,broken clouds
271,Kankakee,US,41.15,-87.8667,5.64,73,0,2.06,clear sky
272,Goba,ET,7.0167,39.9833,10.58,50,7,1.46,clear sky
273,Lucea,JM,18.451,-78.1736,28.81,74,39,7.28,scattered clouds
274,Castro,BR,-24.7911,-50.0119,24.79,64,9,0.87,clear sky
275,Kahului,US,20.8947,-156.47,26.02,56,40,8.23,scattered clouds
276,Lydenburg,ZA,-25.0978,30.4597,16.81,96,98,0.72,overcast clouds
277,Sangar,RU,63.9242,127.4739,-45.02,98,52,1.3,broken clouds
278,Maxixe,MZ,-23.8597,35.3472,26.02,88,26,3.68,scattered clouds
279,Bredasdorp,ZA,-34.5322,20.0403,19.75,78,2,6.72,clear sky
280,Gamba,GA,-2.65,10.0,26.08,88,91,2.44,light rain
281,Fortuna,US,40.5982,-124.1573,13.14,85,75,0.45,broken clouds
282,Arshan,RU,46.2732,44.22,-10.79,85,58,7.0,broken clouds
283,Bend,US,44.0582,-121.3153,6.32,42,0,0.89,clear sky
284,Zabaykalsk,RU,49.6333,117.3167,-25.48,100,83,2.09,broken clouds
285,Shimoda,JP,34.6667,138.95,8.11,64,97,6.12,overcast clouds
286,Rocha,UY,-34.4833,-54.3333,25.79,59,98,8.53,overcast clouds
287,Bambous Virieux,MU,-20.3428,57.7575,26.23,83,75,2.57,light rain
288,Gallup,US,35.5281,-108.7426,6.91,41,0,4.63,clear sky
289,Oranjestad,AW,12.524,-70.027,29.97,75,40,10.29,scattered clouds
290,Sambava,MG,-14.2667,50.1667,24.14,90,42,3.44,light rain
291,Umm Lajj,SA,25.0213,37.2685,17.93,49,100,7.74,overcast clouds
292,Udachnyy,RU,66.4167,112.4,-37.53,65,100,2.07,overcast clouds
293,Poum,NC,-20.2333,164.0167,27.94,78,100,5.39,moderate rain
294,Polunochnoye,RU,60.8697,60.4153,-13.98,92,39,2.69,scattered clouds
295,Hofn,IS,64.2539,-15.2082,-4.3,62,88,4.74,overcast clouds
296,Port Blair,IN,11.6667,92.75,24.12,73,76,3.43,broken clouds
297,Zhezkazgan,KZ,47.8043,67.7144,-17.24,93,91,7.19,overcast clouds
298,Cidreira,BR,-30.1811,-50.2056,25.73,79,0,7.49,clear sky
299,Cabedelo,BR,-6.9811,-34.8339,28.37,76,100,5.87,overcast clouds
300,Iberia,US,29.9502,-91.7507,22.98,88,100,8.23,moderate rain
301,Telemaco Borba,BR,-24.3239,-50.6156,24.53,65,72,0.33,broken clouds
302,Marshfield,US,44.6689,-90.1718,6.49,56,0,3.6,clear sky
303,Lunel,FR,43.6778,4.1361,3.95,70,20,1.54,few clouds
304,Mwene-Ditu,CD,-7.0,23.45,18.19,94,100,1.73,overcast clouds
305,Cam Ranh,VN,11.9214,109.1591,23.98,88,40,0.51,scattered clouds
306,Luderitz,NA,-26.6481,15.1594,17.44,96,6,6.3,clear sky
307,Sitka,US,57.0531,-135.33,2.94,75,40,3.6,scattered clouds
308,Champerico,GT,14.3,-91.9167,35.3,57,0,6.25,clear sky
309,Koumac,NC,-20.5667,164.2833,27.29,82,100,3.11,overcast clouds
310,Ostrovnoy,RU,68.0531,39.5131,-0.42,81,100,17.18,overcast clouds
311,Nuuk,GL,64.1835,-51.7216,-2.66,74,100,8.23,snow
312,Sao Domingos,BR,-13.3983,-46.3183,27.24,52,76,1.41,broken clouds
313,Nuevo Progreso,MX,23.1667,-97.95,22.62,68,55,8.37,broken clouds
314,Boda,CF,4.3189,17.4695,25.77,16,6,1.2,clear sky
315,Pavilosta,LV,56.8879,21.1859,1.95,83,74,8.77,broken clouds
316,Sassandra,CI,4.95,-6.0833,25.42,90,8,1.37,clear sky
317,Dillon,US,34.4166,-79.3712,24.19,50,99,1.84,overcast clouds
318,Sistranda,NO,63.7256,8.834,6.98,64,100,7.92,overcast clouds
319,Labuhan,ID,-6.8844,112.2051,24.76,89,100,4.5,overcast clouds
320,Ayan,RU,56.45,138.1667,-29.28,83,73,3.11,broken clouds
321,Kanniyakumari,IN,8.0833,77.5667,24.54,78,54,6.03,broken clouds
322,Juigalpa,NI,12.1063,-85.3645,29.95,62,40,2.06,scattered clouds
323,Jacareacanga,BR,-6.2222,-57.7528,26.63,93,30,1.35,scattered clouds
324,Pringsewu,ID,-5.3582,104.9744,21.88,91,94,0.89,overcast clouds
325,Ashdod,IL,31.8167,34.65,8.16,86,50,1.77,scattered clouds
326,Provideniya,RU,64.3833,-173.3,-20.94,71,100,5.0,overcast clouds
327,Moron,AR,-34.6534,-58.6198,29.94,18,10,2.39,clear sky
328,Turukhansk,RU,65.8167,87.9833,-21.97,98,100,2.47,overcast clouds
329,Hobyo,SO,5.3505,48.5268,24.61,86,5,5.27,clear sky
330,Dezhou,CN,37.4486,116.2925,1.63,37,100,2.72,overcast clouds
331,Sydney Mines,CA,46.2367,-60.2177,0.99,83,100,8.23,overcast clouds
332,Ilulissat,GL,69.2167,-51.1,-21.99,54,0,2.57,clear sky
333,Wanxian,CN,30.8039,108.3897,10.18,85,100,1.2,overcast clouds
334,Chapleau,CA,47.8405,-83.4034,3.05,70,40,3.6,scattered clouds
335,Krasnoye,UA,49.9145,24.6134,-12.07,96,10,1.7,clear sky
336,Barabai,ID,-2.5833,115.3833,22.49,98,100,0.87,moderate rain
337,Awbari,LY,26.5921,12.7805,17.1,15,47,9.28,scattered clouds
338,Pangoa,PE,-12.1167,-73.0,24.41,93,92,0.38,overcast clouds
339,Saint Simons,US,31.1352,-81.3901,24.03,50,0,4.12,clear sky
340,Ahipara,NZ,-35.1667,173.1667,19.86,71,7,4.11,clear sky
341,Grand Gaube,MU,-20.0064,57.6608,26.32,78,12,1.79,light rain
342,Zaysan,KZ,47.4667,84.8667,-11.95,89,100,0.99,overcast clouds
343,Goure,NE,13.9835,10.2704,20.83,16,57,4.78,broken clouds
344,Semey,KZ,50.4111,80.2275,-13.45,93,100,2.4,overcast clouds
345,Andenes,NO,69.3143,16.1194,4.99,81,75,16.98,moderate rain
346,Matay,EG,28.419,30.7792,11.8,55,29,4.88,scattered clouds
347,Orange,US,33.7,-117.7675,25.16,29,0,2.57,clear sky
348,Borogontsy,RU,62.6683,131.1683,-45.5,100,99,1.45,overcast clouds
349,Kavaratti,IN,10.5669,72.642,26.22,76,90,3.78,overcast clouds
350,Taoudenni,ML,22.6783,-3.9836,22.0,14,100,4.29,overcast clouds
351,Trinidad,BO,-14.8333,-64.9,24.99,94,75,2.06,broken clouds
352,Goundam,ML,16.4145,-3.6708,26.41,12,1,5.21,clear sky
353,Okha,RU,53.5739,142.9478,-30.93,96,100,5.01,overcast clouds
354,Boca Do Acre,BR,-8.7522,-67.3978,26.66,77,72,1.83,broken clouds
355,Kuandian,CN,40.7286,124.7847,-6.3,52,100,2.0,overcast clouds
356,Roald,NO,62.5833,6.1333,8.52,76,75,12.86,light rain
357,Cherskiy,RU,68.75,161.3,-32.65,98,100,3.58,overcast clouds
358,Richards Bay,ZA,-28.783,32.0377,22.65,93,96,5.4,overcast clouds
359,Rairangpur,IN,22.2676,86.1751,16.9,37,2,0.59,clear sky
360,Storm Lake,US,42.6411,-95.2097,4.58,81,0,4.63,clear sky
361,Usinsk,RU,65.9939,57.5281,-2.91,81,79,12.37,broken clouds
362,Cayenne,GF,4.9333,-52.3333,27.02,83,75,4.63,broken clouds
363,Christchurch,NZ,-43.5333,172.6333,15.82,77,20,1.03,few clouds
364,Vestmannaeyjar,IS,63.4427,-20.2734,-0.51,54,100,16.95,light snow
365,Bulgan,MN,48.8125,103.5347,-19.49,88,27,1.59,scattered clouds
366,Taywarah,AF,33.35,64.4167,-2.86,97,99,2.21,snow
367,Moletai,LT,55.2333,25.4167,-3.2,92,100,3.39,overcast clouds
368,Zlobin,HR,45.2924,14.6541,-2.39,53,20,8.23,few clouds
369,Uthal,PK,25.8072,66.6219,19.94,70,2,2.29,clear sky
370,Saint Anthony,US,45.0205,-93.218,6.03,57,0,5.66,clear sky
371,Berlevag,NO,70.8578,29.0864,4.0,65,0,19.55,clear sky
372,Miri,MY,4.4148,114.0089,25.08,94,40,2.06,scattered clouds
373,Tulagi,SB,-9.0996,160.1476,27.3,78,100,3.62,overcast clouds
374,Pacific Grove,US,36.6177,-121.9166,19.66,63,0,4.02,clear sky
375,Canchungo,GW,12.0672,-16.0333,27.07,56,3,3.09,clear sky
376,Le Port,RE,-20.9373,55.2919,25.0,79,44,0.91,scattered clouds
377,Oussouye,SN,12.485,-16.5469,26.1,60,0,3.77,clear sky
378,Uddevalla,SE,58.3478,11.9424,2.82,87,100,6.85,overcast clouds
379,Tripoli,LY,32.8752,13.1875,14.72,67,91,6.36,overcast clouds
380,Karema,TZ,-6.8205,30.4389,21.27,86,100,1.86,overcast clouds
381,Nizhniy Tsasuchey,RU,50.5167,115.1333,-23.1,100,27,2.39,scattered clouds
382,Geraldton,AU,-28.7667,114.6,18.23,82,0,3.09,clear sky
383,Gat,IL,31.61,34.7642,8.0,100,59,1.72,broken clouds
384,Celestun,MX,20.8667,-90.4,29.25,60,30,1.69,scattered clouds
385,Nefteyugansk,RU,61.0998,72.6035,-13.83,95,100,6.09,light snow
386,Half Moon Bay,US,37.4636,-122.4286,19.69,66,0,5.14,haze
387,Nadym,RU,65.5333,72.5167,-13.53,96,96,6.86,overcast clouds
388,Micheweni,TZ,-4.9667,39.8333,26.49,80,92,3.86,overcast clouds
389,Remanso,BR,-9.6179,-42.0831,28.45,38,19,1.25,few clouds
390,Riosucio,CO,5.4216,-75.7032,21.21,70,88,1.31,overcast clouds
391,Tierralta,CO,8.1736,-76.0592,32.58,53,58,1.53,broken clouds
392,Morehead,US,37.2711,-87.1764,14.44,93,100,0.0,moderate rain
393,Oranjemund,NA,-28.55,16.4333,17.59,96,31,1.77,scattered clouds
394,Yulara,AU,-25.2406,130.9889,26.57,43,6,3.03,clear sky
395,Luxor,EG,25.6989,32.6421,12.03,47,0,1.54,clear sky
396,Mahibadhoo,MV,3.7833,72.9667,27.04,69,75,2.73,broken clouds
397,Arima,TT,10.6333,-61.2833,29.74,57,40,6.17,scattered clouds
398,Pangnirtung,CA,66.1451,-65.7125,-29.0,63,0,1.54,clear sky
399,Hearst,CA,49.6835,-83.6665,-0.86,87,100,2.6,overcast clouds
400,Najran,SA,17.4924,44.1277,20.36,29,60,1.31,broken clouds
401,Faya,SA,18.3851,42.4509,13.06,67,97,1.44,overcast clouds
402,Khatanga,RU,71.9667,102.5,-42.83,100,62,2.03,broken clouds
403,Srednekolymsk,RU,67.45,153.6833,-33.34,97,100,2.98,overcast clouds
404,Daru,PG,-9.0763,143.2092,24.54,92,100,5.11,overcast clouds
405,Great Yarmouth,GB,52.6083,1.7305,2.79,77,25,6.08,scattered clouds
406,Vagay,RU,57.9375,69.0217,-14.26,95,100,3.19,overcast clouds
407,Deputatskiy,RU,69.3,139.9,-42.92,99,90,1.98,overcast clouds
408,La Maddalena,IT,41.2142,9.4083,7.03,61,100,5.34,overcast clouds
409,Santa Maria,BR,-29.6842,-53.8069,35.61,30,20,2.06,few clouds
410,Talnakh,RU,69.4865,88.3972,-23.22,96,100,4.07,overcast clouds
411,Tondano,ID,1.3038,124.9112,17.05,91,100,1.05,overcast clouds
412,Nicolas Bravo,MX,18.45,-88.9167,26.99,69,4,3.34,light rain
413,Ouadda,CF,8.0777,22.4007,22.53,16,16,3.7,few clouds
414,Sakakah,SA,29.9697,40.2064,7.76,63,9,4.11,clear sky
415,Padang,ID,-0.9492,100.3543,23.03,87,100,2.04,light rain
416,Bandarban,BD,22.1965,92.2262,14.44,81,2,1.09,clear sky
417,Metro,ID,-5.1131,105.3067,23.13,89,95,0.76,overcast clouds
418,Walvis Bay,NA,-22.9575,14.5053,18.8,83,4,5.39,clear sky
419,Whitehorse,CA,60.7161,-135.0538,-4.39,73,20,7.72,few clouds
420,Tete,MZ,-16.1564,33.5867,24.42,86,100,0.75,overcast clouds
421,Havre-Saint-Pierre,CA,50.2334,-63.5986,-2.0,80,40,5.14,light snow
422,Safford,US,32.834,-109.7076,14.3,25,0,2.24,clear sky
423,Barcelos,PT,41.5388,-8.6151,12.6,72,1,2.84,clear sky
424,Bandarbeyla,SO,9.4942,50.8122,23.85,81,9,3.94,clear sky
425,Scottsbluff,US,41.8666,-103.6672,8.21,46,0,8.05,clear sky
426,Tubuala,PA,9.5167,-79.0333,26.21,83,53,6.95,broken clouds
427,Qui Nhon,VN,13.7667,109.2333,22.16,93,100,2.44,overcast clouds
428,Vila Velha,BR,-20.3297,-40.2925,27.97,65,20,4.63,light rain
429,Auki,SB,-8.7676,160.7034,26.36,82,100,2.02,overcast clouds
430,Aden,YE,12.7794,45.0367,24.6,71,30,1.06,scattered clouds
431,Tessalit,ML,20.1986,1.0114,22.48,17,3,4.55,clear sky
432,Sharan,RU,54.8167,54.0,-9.07,95,100,3.99,light snow
433,Kungurtug,RU,50.5994,97.5228,-17.15,95,100,0.47,overcast clouds
434,Malanje,AO,-9.5402,16.341,17.96,77,96,1.94,overcast clouds
435,Russell,US,32.3502,-85.1999,26.6,44,75,2.57,broken clouds
436,Turayf,SA,31.6725,38.6637,4.14,75,40,4.12,scattered clouds
437,Port Lincoln,AU,-34.7333,135.8667,18.97,79,0,4.46,clear sky
438,Seoul,KR,37.5683,126.9778,-3.31,74,0,2.57,clear sky
439,Erdaojiang,CN,41.7764,126.0319,-14.97,92,69,1.28,broken clouds
440,Abrau-Dyurso,RU,44.69,37.59,-6.3,85,86,14.41,overcast clouds
441,Gunjur,GM,13.2019,-16.7339,24.04,50,10,3.6,clear sky
442,Qaracala,AZ,39.8132,48.9523,2.45,65,99,2.95,overcast clouds
443,Pilar,BR,-9.5972,-35.9567,25.96,70,99,3.97,overcast clouds
444,Khonsa,IN,27.0167,95.5667,10.34,85,96,1.77,overcast clouds
445,Altay,CN,47.8667,88.1167,-7.73,71,98,2.95,overcast clouds
446,Koster,ZA,-25.863,26.8976,15.86,78,93,2.08,overcast clouds
447,Kavieng,PG,-2.5744,150.7967,27.25,78,100,3.81,overcast clouds
448,Marrakesh,MA,31.6315,-8.0083,13.04,67,40,3.6,scattered clouds
449,Tahe,CN,52.3333,124.7333,-28.58,100,18,1.74,few clouds
450,Bequimao,BR,-2.4489,-44.7825,24.65,93,99,1.61,overcast clouds
451,Dunedin,NZ,-45.8742,170.5036,10.85,66,38,7.27,scattered clouds
452,Rapid Valley,US,44.0625,-103.1463,11.11,39,0,12.86,clear sky
453,Muyezerskiy,RU,63.9333,31.65,0.29,90,100,7.9,overcast clouds
454,Wright,US,45.1833,-93.9502,5.7,60,0,3.6,clear sky
455,Taganak,PH,6.0833,118.3,24.08,84,99,2.96,overcast clouds
456,Baghdad,IQ,33.3406,44.4009,7.95,71,0,3.09,clear sky
457,Isla Vista,US,34.4133,-119.861,24.39,33,0,3.6,clear sky
458,Tashara,RU,55.5195,83.5094,-19.7,100,96,1.59,overcast clouds
459,Bathsheba,BB,13.2167,-59.5167,28.34,65,20,8.23,light rain
460,Kumano,JP,34.3442,132.5894,2.51,81,58,3.54,broken clouds
461,Safranbolu,TR,41.2508,32.6942,-2.01,93,100,1.39,overcast clouds
462,Aguimes,ES,27.9054,-15.4461,16.35,63,75,2.57,broken clouds
463,Sompeta,IN,18.9333,84.6,21.15,81,44,2.84,scattered clouds
464,Karera,IN,25.4667,78.15,15.71,36,2,1.94,clear sky
465,Puerto Del Rosario,ES,28.5004,-13.8627,17.86,68,20,2.06,few clouds
466,Raudeberg,NO,61.9875,5.1352,6.09,93,100,21.08,light rain
467,Sakaiminato,JP,35.55,133.2333,3.99,100,75,1.54,broken clouds
468,Islampur,IN,26.2667,88.2,16.66,54,0,2.6,clear sky
469,Shumikha,RU,55.2261,63.2961,-10.63,95,100,4.95,light snow
470,Hambantota,LK,6.1241,81.1185,24.03,80,100,5.45,overcast clouds
471,Bengkulu,ID,-3.8004,102.2655,23.61,85,90,2.25,overcast clouds
472,Novoseleznevo,RU,55.6821,69.2056,-22.84,99,86,3.52,overcast clouds
473,Guiratinga,BR,-16.3494,-53.7583,27.9,74,36,0.55,scattered clouds
474,Qaqortoq,GL,60.7167,-46.0333,-3.1,93,100,2.68,light snow
475,Sacaseni,RO,47.4833,22.6833,-7.21,83,4,2.06,clear sky
476,Ardabil,IR,38.2498,48.2933,-5.25,100,100,9.77,fog
477,Kayalpattinam,IN,8.5667,78.1167,24.6,79,55,3.81,broken clouds
478,Bubaque,GW,11.2833,-15.8333,23.94,70,5,5.7,clear sky
479,Vanimo,PG,-2.6741,141.3028,25.28,93,100,6.28,light rain
480,Krutinka,RU,56.0055,71.5113,-23.92,100,77,3.51,broken clouds
481,Cairns,AU,-16.9167,145.7667,26.7,97,64,2.57,broken clouds
482,Bonthe,SL,7.5264,-12.505,25.32,79,51,3.0,broken clouds
483,High Prairie,CA,55.4334,-116.4858,1.03,71,34,4.68,scattered clouds
484,Ourossogui,SN,15.6064,-13.3211,29.13,12,77,4.42,broken clouds
485,San Ramon,US,37.7799,-121.978,18.12,56,0,4.12,clear sky
486,Dukat,RU,62.55,155.55,-40.6,100,82,1.55,broken clouds
487,Florianopolis,BR,-27.6146,-48.5012,26.57,72,75,4.63,broken clouds
488,Bongandanga,CD,1.5,21.05,24.51,29,3,0.3,clear sky
489,Coahuayana,MX,18.7333,-103.6833,30.28,49,0,3.23,clear sky
490,Shiyan,CN,32.6475,110.7781,3.51,96,100,0.66,overcast clouds
491,Karratha,AU,-20.7377,116.8463,29.64,68,9,2.17,clear sky
492,Iracoubo,GF,5.4802,-53.2011,24.76,89,97,5.48,overcast clouds
493,Quebo,GW,11.3333,-14.9333,22.63,73,1,2.54,clear sky
494,Mount Gambier,AU,-37.8333,140.7667,13.31,79,5,1.71,clear sky
495,Huarmey,PE,-10.0681,-78.1522,25.23,74,34,4.69,scattered clouds
496,Devils Lake,US,48.1128,-98.8651,2.19,78,75,2.57,broken clouds
497,Botad,IN,22.1667,71.6667,21.83,17,3,3.14,clear sky
498,Gafargaon,BD,24.4333,90.5667,16.86,71,0,2.17,clear sky
499,Ilam,NP,26.9167,87.9167,10.93,71,16,1.63,few clouds
500,Umkomaas,ZA,-30.2067,30.7978,23.15,92,100,8.21,moderate rain
501,Mahuta,TZ,-10.8667,39.45,19.8,97,99,1.16,overcast clouds
502,Barra Dos Coqueiros,BR,-10.9089,-37.0386,28.01,65,20,5.66,few clouds
503,Pinheiro,BR,-2.5214,-45.0825,24.39,95,100,1.37,overcast clouds
504,Tartagal,AR,-22.5164,-63.8013,34.73,34,44,4.26,scattered clouds
505,Nanortalik,GL,60.1432,-45.2371,-0.96,82,100,2.76,light snow
506,Olafsvik,IS,64.8945,-23.7142,-3.36,72,100,16.27,snow
507,Forio,IT,40.7342,13.8646,8.01,63,5,7.15,clear sky
508,Gisborne,NZ,-38.6533,178.0042,18.67,60,2,1.23,clear sky
509,Iqaluit,CA,63.7506,-68.5145,-30.15,69,75,7.72,broken clouds
510,Saint-Joseph,RE,-21.3667,55.6167,24.21,83,56,5.23,light rain
511,Batemans Bay,AU,-35.7167,150.1833,19.5,96,100,2.94,overcast clouds
512,Tungor,RU,53.3808,142.9564,-30.78,95,100,5.31,overcast clouds
513,Santiago Del Estero,AR,-27.7951,-64.2615,40.74,18,67,7.75,broken clouds
514,Cap-Aux-Meules,CA,47.3821,-61.8597,-1.99,80,100,8.23,overcast clouds
515,Egvekinot,RU,66.3167,-179.1667,-26.84,95,100,2.16,overcast clouds
516,North Branch,US,45.5113,-92.9802,9.06,100,100,5.23,overcast clouds
517,Codrington,AU,-38.2667,141.9667,13.39,88,2,2.53,clear sky
518,Bowen,AU,-20.0167,148.2333,25.74,82,100,7.54,overcast clouds
519,Ciudad Bolivar,VE,8.1222,-63.5497,31.19,45,97,5.63,overcast clouds
520,Charters Towers,AU,-20.1,146.2667,23.32,82,88,5.42,overcast clouds
521,Colares,PT,38.7992,-9.4469,12.09,77,75,6.71,broken clouds
522,San Juan,AR,-31.5375,-68.5364,35.53,21,0,3.21,clear sky
523,Macusani,PE,-14.0833,-70.4333,6.78,83,89,4.48,overcast clouds
524,Zapolyarnyy,RU,69.4154,30.8136,1.6,72,100,15.01,overcast clouds
525,Kedougou,SN,12.5579,-12.1743,30.01,15,2,1.82,clear sky
526,Zeya,RU,53.75,127.2667,-34.0,96,17,0.63,few clouds
527,Tuatapere,NZ,-46.1333,167.6833,9.69,82,92,4.75,overcast clouds
528,Saint-Augustin,CA,51.226,-58.6502,-6.02,97,100,1.05,light snow
529,Abu Samrah,SY,35.3029,37.1841,2.13,58,0,3.33,clear sky
530,Parainen,FI,60.3067,22.301,3.56,85,100,8.46,overcast clouds
531,Mbandaka,CD,0.0487,18.2603,24.57,55,14,1.97,few clouds
532,Ladario,BR,-19.0047,-57.6017,31.05,78,40,1.54,light rain
533,Bassila,BJ,9.0081,1.6654,28.06,17,46,2.08,scattered clouds
534,Omboue,GA,-1.5746,9.2618,26.27,86,41,2.48,scattered clouds
535,Nova Olimpia,BR,-14.7972,-57.2881,28.69,79,68,1.5,broken clouds
536,Kula,TR,38.5473,28.6498,-3.38,77,12,2.01,few clouds
537,San Cristobal,VE,7.7669,-72.225,25.1,44,34,1.68,scattered clouds
538,Vina Del Mar,CL,-33.0246,-71.5518,23.04,72,40,4.63,scattered clouds
539,Aripuana,BR,-9.1667,-60.6333,27.84,71,84,0.57,broken clouds
540,Hun,LY,29.1268,15.9477,16.69,21,1,8.06,clear sky
541,Mamlyutka,KZ,54.9375,68.5394,-23.73,100,94,3.49,overcast clouds
542,Buchanan,LR,5.8808,-10.0467,25.98,86,100,2.65,overcast clouds
543,Ginir,ET,7.1333,40.7,16.25,34,6,2.6,clear sky
544,Gambo,CF,4.6482,22.2633,22.5,23,26,1.64,scattered clouds
545,Zhangye,CN,38.9342,100.4517,-2.33,57,1,2.73,clear sky
546,Kabanjahe,ID,3.1001,98.4908,17.46,96,100,0.95,overcast clouds
547,Bac Lieu,VN,9.285,105.7244,24.95,87,14,6.18,few clouds
548,Liverpool,GB,53.4106,-2.9779,7.46,79,20,6.17,few clouds
549,Lufilufi,WS,-13.8745,-171.5986,28.88,80,95,7.03,light rain
550,Dzilam Gonzalez,MX,21.2833,-88.9333,32.38,38,5,4.13,clear sky
551,Jaque,PA,7.5175,-78.1703,27.74,82,90,2.16,light rain
552,Pavlysh,UA,48.9176,33.3569,-7.48,89,6,2.84,clear sky
553,Penzance,GB,50.1186,-5.5371,9.38,77,100,6.69,overcast clouds
554,Griffith,US,41.5284,-87.4237,6.15,67,0,2.57,clear sky
555,La Fleche,FR,47.6982,-0.0755,1.14,61,0,2.3,clear sky
556,Henties Bay,NA,-22.116,14.2845,18.34,86,54,2.65,broken clouds
557,Stephenville,US,32.2207,-98.2023,7.87,92,100,5.36,overcast clouds
558,Rosario Do Sul,BR,-30.2583,-54.9142,38.57,12,29,3.37,scattered clouds
559,Waharoa,NZ,-37.7667,175.7667,21.4,68,16,6.08,few clouds
560,Sile,TR,41.1754,29.6133,5.32,64,100,4.47,overcast clouds
561,Dale,US,38.1689,-86.99,11.37,82,100,2.06,moderate rain
562,Port-Gentil,GA,-0.7193,8.7815,27.98,89,20,2.57,few clouds
563,Freeport,US,40.6576,-73.5832,12.43,44,0,6.17,clear sky
564,Asbe Teferi,ET,9.0833,40.8667,15.9,58,0,1.89,clear sky
565,Sorland,NO,67.667,12.6934,4.91,90,100,16.57,light rain
566,Xai-Xai,MZ,-25.0519,33.6442,24.71,93,37,3.71,light rain
567,Synya,RU,65.3718,58.0387,-3.34,89,100,5.39,overcast clouds
568,Kirakira,SB,-10.4544,161.9205,27.85,81,98,4.76,overcast clouds
569,Chicama,PE,-7.8447,-79.1469,25.3,58,45,5.04,scattered clouds
570,Cawayan,PH,9.9718,122.6249,24.87,80,100,4.29,overcast clouds
571,The Valley,AI,18.217,-63.0578,27.08,65,40,8.23,scattered clouds
572,Nalut,LY,30.3333,10.85,11.67,71,79,3.25,broken clouds
573,Waynesville,US,35.4887,-82.9887,16.32,84,100,1.34,overcast clouds
574,Pocone,BR,-16.2567,-56.6228,30.28,57,61,2.38,broken clouds
575,Rawatbhata,IN,24.9333,75.5833,17.15,35,2,1.11,clear sky
576,Ribas Do Rio Pardo,BR,-20.4431,-53.7592,28.3,71,90,0.99,overcast clouds
577,Belyy Yar,RU,53.6039,91.3903,-12.06,100,100,1.0,fog
578,Puerto Baquerizo Moreno,EC,-0.9,-89.6,28.55,79,40,1.03,moderate rain
579,Alekseyevsk,RU,57.8406,108.3492,-9.15,96,100,2.48,light snow
580,Sindor,RU,62.8629,51.8905,-3.34,95,100,4.1,overcast clouds
581,Eagle,US,43.6954,-116.354,8.05,45,0,7.72,clear sky
582,Marsh Harbour,BS,26.5412,-77.0636,23.26,58,78,6.25,broken clouds
583,Aswan,EG,24.0934,32.907,13.61,33,0,5.66,clear sky
584,Sabang,ID,5.8933,95.3214,27.24,76,100,5.03,overcast clouds
585,Sherghati,IN,24.5667,84.7833,12.51,47,0,1.92,clear sky
586,Hasaki,JP,35.7333,140.8333,1.79,50,6,9.3,clear sky
587,Kushima,JP,31.4583,131.2333,9.09,75,89,3.28,overcast clouds
588,Dengzhou,CN,37.8086,120.7508,1.08,54,100,2.67,overcast clouds
589,Cascais,PT,38.6979,-9.4215,11.95,79,75,6.71,broken clouds
590,Monrovia,LR,6.3005,-10.7969,25.87,85,91,3.2,overcast clouds
591,Juneau,US,58.3019,-134.4197,2.9,100,89,2.98,light snow
592,Jeremoabo,BR,-10.075,-38.4808,29.43,27,100,4.34,overcast clouds
593,Tekkali,IN,18.6167,84.2333,20.09,90,53,2.61,broken clouds
594,Fairbanks,US,64.8378,-147.7164,-13.21,82,100,0.0,light snow
595,Mayo,US,38.8876,-76.5119,17.97,37,0,2.57,clear sky
596,Floro,NO,61.5996,5.0328,7.35,87,100,20.06,light snow
597,Brae,GB,60.3964,-1.353,5.48,58,100,12.83,light rain
598,Riyadh,SA,24.6877,46.7219,14.08,38,56,4.86,broken clouds
599,Salalah,OM,17.0151,54.0924,21.72,66,26,1.26,scattered clouds
600,Aykhal,RU,66.0,111.5,-40.81,100,93,2.51,overcast clouds
601,Ambilobe,MG,-13.2,49.05,22.91,96,100,0.81,light rain
602,La Rioja,ES,42.25,-2.5,-2.12,89,100,0.82,overcast clouds
603,San Vicente,AR,-26.6167,-54.1333,31.93,26,37,0.82,scattered clouds
604,Belmonte,BR,-15.8631,-38.8828,26.64,74,30,4.98,scattered clouds
605,Chumikan,RU,54.7183,135.315,-31.33,88,65,6.7,broken clouds
606,Rawalpindi,PK,33.6007,73.0679,13.46,68,52,0.45,broken clouds
607,Belsand,IN,26.45,85.4,12.89,57,0,2.79,clear sky
608,Sheridan,US,44.8333,-106.9173,2.21,67,100,4.12,overcast clouds
609,Lubango,AO,-14.9172,13.4925,16.94,74,100,1.49,overcast clouds
610,Havoysund,NO,70.9963,24.6622,5.13,58,100,19.29,overcast clouds
611,Saint-Paul,RE,-21.0096,55.2707,25.06,81,50,0.91,scattered clouds
612,Nisia Floresta,BR,-6.0911,-35.2086,28.45,73,21,4.68,few clouds
613,Bukoba,TZ,-1.3317,31.8122,20.15,76,70,2.93,broken clouds
614,Sarangani,PH,5.4033,125.4636,26.3,77,97,4.64,overcast clouds
615,Maryville,US,35.7565,-83.9705,13.93,86,100,2.24,overcast clouds
616,Lagoa,PT,39.05,-27.9833,13.61,59,68,6.05,broken clouds
617,Kropotkin,RU,45.4375,40.5756,-6.31,90,98,6.09,overcast clouds
618,Maraba,BR,-5.3686,-49.1178,30.1,70,75,2.06,broken clouds
619,Laredo,US,27.5064,-99.5075,20.16,30,0,6.17,clear sky
620,Boshnyakovo,RU,49.6333,142.1667,-28.88,100,100,1.95,overcast clouds
621,Lashio,MM,22.9333,97.75,8.43,59,0,0.95,clear sky
622,Constitucion,CL,-35.3333,-72.4167,21.38,58,16,6.37,few clouds
623,La Ronge,CA,55.1001,-105.2842,-5.86,53,20,5.14,few clouds
624,Eshowe,ZA,-28.8865,31.4699,19.17,92,100,3.85,overcast clouds
625,Datong,CN,40.0936,113.2914,-4.24,93,100,2.2,light snow
626,Cervo,ES,43.6702,-7.4101,11.09,84,19,7.66,few clouds
627,Baoning,CN,25.3378,110.026,9.92,100,75,0.0,mist
628,Nizip,TR,37.0097,37.7942,-0.93,51,2,2.83,clear sky
629,Sosnovka,RU,56.255,51.2842,-4.68,96,100,2.87,light snow
630,Warnes,BO,-17.5,-63.1667,32.6,58,75,3.6,broken clouds
631,Krasnoselkup,RU,65.7,82.4667,-19.17,92,100,7.12,overcast clouds
632,Altamirano,MX,16.8833,-92.15,23.4,34,1,3.15,clear sky
633,Harqalah,TN,36.0303,10.509,9.92,87,75,12.86,light rain
634,Marica,BR,-22.9194,-42.8186,25.97,90,100,3.03,overcast clouds
635,Tual,ID,-5.6667,132.75,26.24,89,100,10.74,moderate rain
636,Eyl,SO,7.9803,49.8164,23.27,84,20,4.76,few clouds
637,Altus,US,34.6381,-99.334,4.73,87,100,8.23,moderate rain
638,Marmaris,TR,36.855,28.2742,4.97,51,2,3.48,clear sky
639,Morro Bay,US,35.3658,-120.8499,22.27,50,1,1.79,clear sky
640,Ust-Ilimsk,RU,58.0006,102.6619,-10.83,97,100,1.67,overcast clouds
641,Kenai,US,60.5544,-151.2583,-3.95,85,100,1.54,overcast clouds
642,Kirkcudbright,GB,54.8383,-4.0491,7.31,90,100,6.38,overcast clouds
643,Yamethin,MM,20.4333,96.15,17.1,35,74,1.37,broken clouds
644,Almeria,ES,37.1667,-2.3333,7.65,87,37,3.68,scattered clouds
645,Puri,IN,19.8,85.85,23.29,80,90,4.78,overcast clouds
646,Mazagao,BR,-0.115,-51.2894,29.03,92,90,2.03,overcast clouds
647,Bardoli,IN,21.1167,73.1167,22.06,24,43,2.35,scattered clouds
648,Westport,US,41.1415,-73.3579,11.59,49,5,2.24,clear sky
649,Sechura,PE,-5.5569,-80.8222,28.76,58,47,7.73,scattered clouds
650,Yeppoon,AU,-23.1333,150.7333,22.88,70,62,9.38,broken clouds
651,Tilichiki,RU,60.4667,166.1,-27.73,88,91,4.66,overcast clouds
652,Fort Nelson,CA,58.8053,-122.7002,-6.14,55,75,1.34,broken clouds
653,Singaraja,ID,-8.112,115.0882,25.32,88,100,0.54,overcast clouds
654,Trelew,AR,-43.249,-65.3051,32.06,18,87,11.38,overcast clouds
655,Conchal,BR,-22.3303,-47.1725,28.09,87,7,2.76,clear sky
656,Mundo Nuevo,MX,18.7,-95.5,24.87,80,0,3.6,clear sky
657,Margate,GB,51.3813,1.3862,2.05,71,23,0.89,few clouds
658,Berbera,SO,10.4396,45.0143,24.24,76,4,0.62,clear sky
659,Paamiut,GL,61.994,-49.6678,-3.31,95,100,13.3,snow
660,Nongstoin,IN,25.5167,91.2667,8.19,79,1,1.45,clear sky
661,Tecoanapa,MX,16.5167,-98.75,29.57,52,0,5.0,clear sky
662,Kandalaksha,RU,67.162,32.4123,0.44,83,100,6.73,overcast clouds
663,Boyolangu,ID,-8.1181,111.8935,23.81,91,100,1.69,overcast clouds
664,Schattdorf,CH,46.8655,8.6547,-2.24,85,15,4.24,few clouds
665,Pandi,PH,14.8872,120.8572,24.99,72,100,4.8,overcast clouds
666,Vardo,NO,70.3705,31.1107,1.99,80,0,12.86,clear sky
667,Kirkuk,IQ,35.4681,44.3922,4.88,81,100,2.24,overcast clouds
668,Beira,MZ,-19.8436,34.8389,25.06,91,100,2.46,light rain
669,Khandyga,RU,62.6667,135.6,-46.76,100,97,0.87,overcast clouds
670,Caceres,ES,39.522,-6.3748,7.1,80,66,3.68,broken clouds
671,Wakkanai,JP,45.4094,141.6739,-8.53,71,100,8.51,light snow
672,Albufeira,PT,37.0882,-8.2503,12.23,84,21,2.44,few clouds
673,Shenzhen,CN,22.5455,114.0683,19.35,91,100,3.64,overcast clouds
674,Verkh-Usugli,RU,52.7,115.1667,-21.75,100,99,0.4,overcast clouds
675,Asau,RO,46.4333,26.4,-10.49,93,33,2.12,scattered clouds
676,Laguna,US,38.421,-121.4238,17.16,60,0,2.57,clear sky
677,Kununurra,AU,-15.7667,128.7333,26.99,94,40,0.0,scattered clouds
678,Maniitsoq,GL,65.4167,-52.9,-10.53,65,100,5.09,overcast clouds
679,Shenjiamen,CN,29.9576,122.298,10.32,85,100,7.05,light rain
680,Chara,RU,56.9064,118.2631,-25.9,79,39,0.77,scattered clouds
681,Picayune,US,30.5255,-89.6795,25.49,85,100,1.79,overcast clouds
682,Cazones,MX,20.7167,-97.3167,29.89,54,75,3.09,broken clouds
683,Mount Isa,AU,-20.7333,139.5,23.87,100,75,1.03,broken clouds
684,Hinatuan,PH,8.3722,126.3342,23.22,94,100,1.38,overcast clouds
685,Biu,NG,10.6129,12.1946,23.74,18,81,4.55,broken clouds
686,Namatanai,PG,-3.6667,152.4333,26.34,80,100,0.74,overcast clouds
687,Svetlyy,RU,54.675,20.1347,0.03,83,72,6.48,broken clouds
688,Aloleng,PH,16.1307,119.7824,24.18,75,52,4.57,broken clouds
689,Ruteng,ID,-8.6136,120.4721,16.64,89,73,0.5,broken clouds
690,Turinsk,RU,58.0458,63.696,-9.1,95,100,3.89,light snow
691,Sayansk,RU,54.1088,102.1648,-18.8,99,100,1.35,overcast clouds
692,Anchovy,JM,18.4103,-77.9317,26.36,69,20,10.29,few clouds
693,Ngunguru,NZ,-35.6167,174.5,19.5,68,4,4.32,clear sky
694,Karasburg,NA,-28.0167,18.75,24.77,38,86,3.88,overcast clouds
695,Achacachi,BO,-16.05,-68.6833,9.74,77,98,3.48,overcast clouds
696,Muros,ES,42.7762,-9.0603,8.71,78,0,4.02,clear sky
697,Nagutskoye,RU,44.4415,42.8762,-10.88,97,99,0.7,light snow
698,Yerbogachen,RU,61.2767,108.0108,-21.85,98,100,2.17,overcast clouds
699,Tornio,FI,65.8481,24.1466,1.01,89,100,11.23,overcast clouds
700,Axim,GH,4.8699,-2.2405,26.27,83,100,2.77,overcast clouds
701,Chimore,BO,-16.9833,-65.1333,24.65,85,100,1.65,light rain
702,Mpanda,TZ,-6.3655,31.0409,18.87,93,100,0.25,overcast clouds
703,Inirida,CO,3.8653,-67.9239,31.21,56,54,1.12,broken clouds
704,Manaus,BR,-3.1019,-60.025,25.27,88,75,2.57,heavy intensity rain
705,Rodrigues Alves,BR,-7.738,-72.6509,25.11,81,99,2.5,overcast clouds
706,Dublin,US,37.7021,-121.9358,18.52,56,0,2.57,clear sky
707,Lewistown,US,40.5992,-77.5714,11.77,73,0,5.66,clear sky
708,Ubinskoye,RU,55.3068,79.6802,-27.08,100,100,1.22,overcast clouds
709,Natal,BR,-5.795,-35.2094,28.36,69,0,7.2,clear sky
710,Eureka,US,40.8021,-124.1637,15.37,77,60,1.34,broken clouds
711,Ilo,PE,-17.6394,-71.3375,25.48,78,0,6.69,clear sky
712,Neuquen,AR,-38.9516,-68.0591,33.94,26,0,2.57,clear sky
713,Kismayo,SO,-0.3582,42.5454,24.96,85,7,6.77,clear sky
714,Astara,AZ,38.5,48.6667,-0.01,98,100,1.98,snow
715,Jardim,BR,-21.4803,-56.1381,27.38,72,77,2.93,light rain
716,Morwell,AU,-38.2333,146.4,15.22,88,91,2.14,overcast clouds
717,Dicabisagan,PH,17.0818,122.4157,22.89,87,100,1.62,overcast clouds
718,Makokou,GA,0.5738,12.8642,24.94,52,36,1.1,scattered clouds
719,Kafanchan,NG,9.5833,8.3,23.19,17,98,2.77,overcast clouds
720,Gossas,SN,14.4912,-16.0642,27.71,15,39,3.23,scattered clouds
721,Soyo,AO,-6.1349,12.3689,26.47,84,21,4.29,few clouds
722,Kastamonu,TR,41.5,33.6667,-5.12,90,100,2.7,light snow
723,Goya,AR,-29.14,-59.2626,30.15,42,75,2.16,broken clouds
724,Sioux Lookout,CA,50.1001,-91.917,0.04,64,75,1.54,broken clouds
